genre,tag,file
全ジャンル,,all.json
エンターテイメント,,entertainment.json
ラジオ,,radio.json
音楽・サウンド,,music_sound.json
ダンス,,dance.json
動物,,animal.json
自然,,nature.json
料理,,cooking.json
旅行・アウトドア,,traveling_outdoor.json
乗り物,,vehicle.json
スポーツ,,sports.json
社会・政治・時事,,society_politics_news.json
技術・工作,,technology_craft.json
解説・講座,,commentary_lecture.json
アニメ,,anime.json
ゲーム,,game.json
その他,,other.json
R-18,,r18.json
エンターテイメント,にじさんじ,entertainment_01.json
エンターテイメント,ホロライブ,entertainment_02.json
エンターテイメント,VOICEROID劇場,entertainment_03.json
エンターテイメント,ソフトウェアトーク劇場,entertainment_04.json
エンターテイメント,MMD刀剣乱舞,entertainment_05.json
エンターテイメント,音MAD,entertainment_06.json
エンターテイメント,ずんだもん,entertainment_07.json
エンターテイメント,MMDツイステ,entertainment_08.json
エンターテイメント,.LIVE,entertainment_09.json
エンターテイメント,WhiteCUL,entertainment_10.json
エンターテイメント,金カムMMD,entertainment_11.json
エンターテイメント,バーチャル,entertainment_12.json
エンターテイメント,MMD,entertainment_13.json
エンターテイメント,エンターテイメント,entertainment_14.json
エンターテイメント,描いてみた,entertainment_15.json
ラジオ,洲崎西,radio_01.json
ラジオ,ラジオ,radio_02.json
ラジオ,ナポリの男たち,radio_03.json
ラジオ,コーナーまとめ,radio_04.json
ラジオ,宇多丸,radio_05.json
ラジオ,鷲崎健,radio_06.json
ラジオ,ボイロラジオ,radio_07.json
ラジオ,神谷浩史,radio_08.json
ラジオ,声優,radio_09.json
ラジオ,小野坂昌也,radio_10.json
ラジオ,青木佑磨,radio_11.json
ラジオ,松岡禎丞,radio_12.json
ラジオ,麻倉もも,radio_13.json
ラジオ,古川慎,radio_14.json
ラジオ,杉田智和,radio_15.json
音楽・サウンド,VOCALOID,music_sound_01.json
音楽・サウンド,ボカコレ2023夏ルーキー参加曲,music_sound_02.json
音楽・サウンド,初音ミク,music_sound_03.json
音楽・サウンド,歌ってみた,music_sound_04.json
音楽・サウンド,ボカコレ2023夏TOP100ランキング参加曲,music_sound_05.json
音楽・サウンド,強風オールバック,music_sound_06.json
音楽・サウンド,歌コレ2023秋ルーキー,music_sound_07.json
音楽・サウンド,アニソン_ゲーソンカバー祭2023,music_sound_08.json
音楽・サウンド,ボイパロイド,music_sound_09.json
音楽・サウンド,歌うボイスロイド,music_sound_10.json
音楽・サウンド,ずんだもん,music_sound_11.json
音楽・サウンド,ASMR,music_sound_12.json
音楽・サウンド,音楽,music_sound_13.json
音楽・サウンド,演奏してみた,music_sound_14.json
音楽・サウンド,ニコニコインディーズ,music_sound_15.json
ダンス,踊ってみた,dance_01.json
ダンス,MMD艦これ,dance_02.json
ダンス,MMD,dance_03.json
ダンス,MMD刀剣乱舞,dance_04.json
ダンス,R.A.B,dance_05.json
ダンス,オリジナル振付,dance_06.json
ダンス,コスプレで踊ってみた,dance_07.json
ダンス,刀剣乱舞踊ってみた,dance_08.json
ダンス,ツイステ踊ってみた,dance_09.json
ダンス,東方MMD,dance_10.json
ダンス,七河みこ,dance_11.json
ダンス,足太ぺんた,dance_12.json
ダンス,ぽるし,dance_13.json
ダンス,涼宮あつき,dance_14.json
ダンス,音MAD,dance_15.json
動物,インコ,animal_01.json
動物,ぬこぬこ動画,animal_02.json
動物,馬,animal_03.json
動物,猫,animal_04.json
動物,ホモと見るシリーズ,animal_05.json
動物,動物,animal_06.json
動物,ゆっくり解説,animal_07.json
動物,ウマ娘プリティーダービー,animal_08.json
動物,音MAD,animal_09.json
動物,AV(アニマルビデオ),animal_10.json
動物,わんわん動画,animal_11.json
動物,アクアリウム,animal_12.json
動物,犬,animal_13.json
動物,柴犬,animal_14.json
動物,ハムスター,animal_15.json
自然,VOICEROIDフィッシング,nature_01.json
自然,カメ五郎,nature_02.json
自然,ヒカマニ外伝リンク,nature_03.json
自然,魚釣り,nature_04.json
自然,音MAD,nature_05.json
自然,Hikakin_Mania,nature_06.json
自然,ゆっくり解説,nature_07.json
自然,自然,nature_08.json
自然,地震,nature_09.json
自然,自然音,nature_10.json
自然,アウトドア,nature_11.json
自然,狩猟,nature_12.json
自然,作業用BGM,nature_13.json
自然,紲星あかり,nature_14.json
料理,VOICEROIDキッチン,cooking_01.json
料理,ドカ食い気絶部,cooking_02.json
料理,第四回スパイス祭,cooking_03.json
料理,料理,cooking_04.json
料理,VOICEROIDグルメ,cooking_05.json
料理,ニコニコ料理部,cooking_06.json
料理,パンツマン,cooking_07.json
料理,ボイ酒ロイド,cooking_08.json
料理,トップバリュ,cooking_09.json
料理,ずんだもん,cooking_10.json
料理,VOICEROID劇場,cooking_11.json
料理,アル中カラカラ,cooking_12.json
料理,VOICEROIDフィッシング,cooking_13.json
料理,ソフトウェアトークキッチン,cooking_14.json
料理,ラーメン,cooking_15.json
旅行・アウトドア,VOICEROID車載,traveling_outdoor_01.json
旅行・アウトドア,車載動画,traveling_outdoor_02.json
旅行・アウトドア,VOICEROIDフィッシング,traveling_outdoor_03.json
旅行・アウトドア,バイク,traveling_outdoor_04.json
旅行・アウトドア,自転車,traveling_outdoor_05.json
旅行・アウトドア,VOICEROID旅行,traveling_outdoor_06.json
旅行・アウトドア,RTA（リアル登山アタック）,traveling_outdoor_07.json
旅行・アウトドア,ニコニコ国内旅行,traveling_outdoor_08.json
旅行・アウトドア,ソフトウェアトーク車載,traveling_outdoor_09.json
旅行・アウトドア,ロードバイク,traveling_outdoor_10.json
旅行・アウトドア,魚釣り,traveling_outdoor_11.json
旅行・アウトドア,シンプル車載動画投稿祭,traveling_outdoor_12.json
旅行・アウトドア,ずんだもん,traveling_outdoor_13.json
旅行・アウトドア,クソデカ地名モニュメント投稿祭,traveling_outdoor_14.json
旅行・アウトドア,旅行,traveling_outdoor_15.json
乗り物,世界の交通事情,vehicle_01.json
乗り物,衝撃映像,vehicle_02.json
乗り物,交通事故,vehicle_03.json
乗り物,VOICEROID車載,vehicle_04.json
乗り物,大変な途中下車シリーズ,vehicle_05.json
乗り物,ドライブレコーダー,vehicle_06.json
乗り物,バイク,vehicle_07.json
乗り物,車載動画,vehicle_08.json
乗り物,自転車,vehicle_09.json
乗り物,迷列車で行こうシリーズ,vehicle_10.json
乗り物,ロードバイク,vehicle_11.json
乗り物,音MAD,vehicle_12.json
乗り物,日本一周,vehicle_13.json
乗り物,ソフトウェアトーク車載,vehicle_14.json
乗り物,鉄道,vehicle_15.json
スポーツ,サッカー,sports_01.json
スポーツ,競馬,sports_02.json
スポーツ,WWE,sports_03.json
スポーツ,イチロー,sports_04.json
スポーツ,サッカー日本代表,sports_05.json
スポーツ,プロ野球,sports_06.json
スポーツ,音MAD,sports_07.json
スポーツ,スポーツ,sports_08.json
スポーツ,F1,sports_09.json
スポーツ,MLB,sports_10.json
スポーツ,ドアラ,sports_11.json
スポーツ,ラグビー,sports_12.json
スポーツ,横浜DeNAベイスターズ,sports_13.json
スポーツ,中日ドラゴンズ,sports_14.json
スポーツ,阪神タイガース,sports_15.json
社会・政治・時事,ワクチン,society_politics_news_01.json
社会・政治・時事,新型コロナウイルス,society_politics_news_02.json
社会・政治・時事,政治,society_politics_news_03.json
社会・政治・時事,KAZUYA_CHANNEL,society_politics_news_04.json
社会・政治・時事,井上正康,society_politics_news_05.json
社会・政治・時事,韓国,society_politics_news_06.json
社会・政治・時事,ディープステート,society_politics_news_07.json
社会・政治・時事,超過死亡,society_politics_news_08.json
社会・政治・時事,ウクライナ,society_politics_news_09.json
社会・政治・時事,ゆっくり解説,society_politics_news_10.json
社会・政治・時事,参政党,society_politics_news_11.json
社会・政治・時事,音MAD,society_politics_news_12.json
社会・政治・時事,未解決事件,society_politics_news_13.json
社会・政治・時事,トランプ大統領,society_politics_news_14.json
社会・政治・時事,ドキュメンタリー,society_politics_news_15.json
技術・工作,ニコニコ技術部,technology_craft_01.json
技術・工作,ニコニコ兵器開発局,technology_craft_02.json
技術・工作,ミニ四駆,technology_craft_03.json
技術・工作,プラモデル,technology_craft_04.json
技術・工作,ガンプラ,technology_craft_05.json
技術・工作,作ってみた,technology_craft_06.json
技術・工作,ボイロプラモ部,technology_craft_07.json
技術・工作,ずんだもん,technology_craft_08.json
技術・工作,ベイブレード,technology_craft_09.json
技術・工作,電子工作,technology_craft_10.json
技術・工作,MMD,technology_craft_11.json
技術・工作,ニコニコ手芸部,technology_craft_12.json
技術・工作,結月ゆかり,technology_craft_13.json
技術・工作,ゆっくり解説,technology_craft_14.json
技術・工作,AviUtl,technology_craft_15.json
解説・講座,航空事故,commentary_lecture_01.json
解説・講座,ゆっくり解説,commentary_lecture_02.json
解説・講座,VOICEROID解説,commentary_lecture_03.json
解説・講座,ニコニコ動画講座,commentary_lecture_04.json
解説・講座,SCP解説,commentary_lecture_05.json
解説・講座,ずんだもん,commentary_lecture_06.json
解説・講座,トップバリュ,commentary_lecture_07.json
解説・講座,ドキュメンタリー,commentary_lecture_08.json
解説・講座,歴史,commentary_lecture_09.json
解説・講座,VOICEROID劇場,commentary_lecture_10.json
解説・講座,ずんだもん解説,commentary_lecture_11.json
解説・講座,軍事,commentary_lecture_12.json
解説・講座,迷列車で行こうシリーズ,commentary_lecture_13.json
解説・講座,voicevox解説,commentary_lecture_14.json
解説・講座,科学,commentary_lecture_15.json
アニメ,2023年夏アニメ,anime_01.json
アニメ,アニメ,anime_02.json
アニメ,呪術廻戦,anime_03.json
アニメ,ぼっち・ざ・まっど!,anime_04.json
アニメ,音MAD,anime_05.json
アニメ,ウマ娘プリティーダービー,anime_06.json
アニメ,無職転生,anime_07.json
アニメ,ホモと見るアニメ,anime_08.json
アニメ,BLEACH,anime_09.json
アニメ,ぼっち・ざ・ろっく!,anime_10.json
アニメ,るろうに剣心,anime_11.json
アニメ,アーマードコア,anime_12.json
アニメ,【推しの子】,anime_13.json
アニメ,FGO,anime_14.json
アニメ,コマンドーアニメ吹き替えリンク,anime_15.json
ゲーム,biim兄貴リスペクト,game_01.json
ゲーム,RTA,game_02.json
ゲーム,VOICEROID実況プレイ,game_03.json
ゲーム,アーマードコア6,game_04.json
ゲーム,ゆっくり実況プレイ,game_05.json
ゲーム,ふにんがす,game_06.json
ゲーム,ドラゴンボールザブレイカーズ,game_07.json
ゲーム,遊戯王マスターデュエル,game_08.json
ゲーム,ブルーアーカイブ,game_09.json
ゲーム,ゆっくり人狼,game_10.json
ゲーム,アイドルマスター,game_11.json
ゲーム,ゲーム,game_12.json
ゲーム,実況プレイ動画,game_13.json
ゲーム,TRPG,game_14.json
ゲーム,東方,game_15.json
その他,AI拓也,other_01.json
その他,真夏の夜の淫夢,other_02.json
その他,淫夢実況シリーズ,other_03.json
その他,タクヤさん,other_04.json
その他,例のアレ,other_05.json
その他,ホモと見るシリーズ,other_06.json
その他,たぬき(ウマ娘),other_07.json
その他,カツドンチャンネル,other_08.json
その他,ホラー淫夢,other_09.json
その他,田所浩治(佐倉市),other_10.json
その他,ホモと見るアニメ,other_11.json
その他,ANNYUI姉貴,other_12.json
その他,クッキー☆,other_13.json
その他,その他,other_14.json
その他,日記,other_15.json
R-18,R-18,r18_01.json
R-18,イメージビデオ,r18_02.json
R-18,ヌキドル,r18_03.json
R-18,グラビアアイドル,r18_04.json
R-18,巨乳,r18_05.json
R-18,パンチラ,r18_06.json
R-18,疑似セックス,r18_07.json
R-18,地上に降りた天使達,r18_08.json
R-18,爆乳,r18_09.json
R-18,下着,r18_10.json
R-18,星名美津紀,r18_11.json
R-18,パンスト,r18_12.json
R-18,尻,r18_13.json
R-18,ボイロAV,r18_14.json
R-18,マンスジ,r18_15.json
